{"cameraMode":{"drawMode":0,"name":"Shaded","section":"Shading Mode"},"sceneLighting":false,"audioPlay":false,"sceneViewState":{"m_AlwaysRefresh":false,"showFog":true,"showSkybox":false,"showFlares":true,"showImageEffects":true,"showParticleSystems":true,"showVisualEffectGraphs":true,"m_FxEnabled":true},"in2DMode":false,"pivot":{"x":10.348586082458496,"y":1.1804770231246949,"z":0.2118716835975647},"rotation":{"x":0.29665449261665347,"y":-0.5671238303184509,"z":0.22927075624465943,"w":0.7333738803863525},"size":1.9954649209976197,"orthographic":false}