{"cameraMode":{"drawMode":0,"name":"Shaded","section":"Shading Mode"},"sceneLighting":false,"audioPlay":false,"sceneViewState":{"m_AlwaysRefresh":false,"showFog":false,"showSkybox":false,"showFlares":false,"showImageEffects":false,"showParticleSystems":false,"showVisualEffectGraphs":true,"m_FxEnabled":true},"in2DMode":false,"pivot":{"x":0.24929657578468324,"y":0.8641247749328613,"z":0.15626272559165955},"rotation":{"x":-0.013350537046790123,"y":-0.9865860939025879,"z":0.10757319629192352,"w":-0.12225881963968277},"size":0.9129578471183777,"orthographic":false}